{
    "location": {
        "1": {
            "precision": 0.27839643652561247,
            "recall": 0.6944444444444444,
            "f1-score": 0.397456279809221,
            "support": 180.0
        },
        "2": {
            "precision": 0.0,
            "recall": 0.0,
            "f1-score": 0.0,
            "support": 1.0
        },
        "3": {
            "precision": 0.42857142857142855,
            "recall": 0.1794871794871795,
            "f1-score": 0.25301204819277107,
            "support": 117.0
        },
        "4": {
            "precision": 0.38372093023255816,
            "recall": 0.6534653465346535,
            "f1-score": 0.4835164835164835,
            "support": 202.0
        },
        "5": {
            "precision": 0.4,
            "recall": 0.2,
            "f1-score": 0.26666666666666666,
            "support": 40.0
        },
        "6": {
            "precision": 0.2601626016260163,
            "recall": 0.3516483516483517,
            "f1-score": 0.29906542056074764,
            "support": 91.0
        },
        "7": {
            "precision": 0.48936170212765956,
            "recall": 0.2839506172839506,
            "f1-score": 0.359375,
            "support": 81.0
        },
        "8": {
            "precision": 1.0,
            "recall": 0.07692307692307693,
            "f1-score": 0.14285714285714285,
            "support": 13.0
        },
        "9": {
            "precision": 0.47368421052631576,
            "recall": 0.15789473684210525,
            "f1-score": 0.23684210526315788,
            "support": 57.0
        },
        "10": {
            "precision": 0.25,
            "recall": 0.0975609756097561,
            "f1-score": 0.14035087719298245,
            "support": 41.0
        },
        "11": {
            "precision": 0.5,
            "recall": 0.4074074074074074,
            "f1-score": 0.4489795918367347,
            "support": 27.0
        },
        "12": {
            "precision": 0.42857142857142855,
            "recall": 0.17647058823529413,
            "f1-score": 0.25,
            "support": 51.0
        },
        "13": {
            "precision": 0.2857142857142857,
            "recall": 0.125,
            "f1-score": 0.17391304347826086,
            "support": 16.0
        },
        "14": {
            "precision": 1.0,
            "recall": 0.06976744186046512,
            "f1-score": 0.13043478260869565,
            "support": 43.0
        },
        "15": {
            "precision": 0.0,
            "recall": 0.0,
            "f1-score": 0.0,
            "support": 4.0
        },
        "16": {
            "precision": 0.0,
            "recall": 0.0,
            "f1-score": 0.0,
            "support": 1.0
        },
        "17": {
            "precision": 0.6153846153846154,
            "recall": 0.11428571428571428,
            "f1-score": 0.1927710843373494,
            "support": 70.0
        },
        "18": {
            "precision": 0.6666666666666666,
            "recall": 0.07142857142857142,
            "f1-score": 0.12903225806451613,
            "support": 28.0
        },
        "19": {
            "precision": 0.0,
            "recall": 0.0,
            "f1-score": 0.0,
            "support": 2.0
        },
        "20": {
            "precision": 0.0,
            "recall": 0.0,
            "f1-score": 0.0,
            "support": 6.0
        },
        "21": {
            "precision": 0.3333333333333333,
            "recall": 0.25,
            "f1-score": 0.2857142857142857,
            "support": 8.0
        },
        "22": {
            "precision": 0.0,
            "recall": 0.0,
            "f1-score": 0.0,
            "support": 11.0
        },
        "23": {
            "precision": 1.0,
            "recall": 0.5,
            "f1-score": 0.6666666666666666,
            "support": 2.0
        },
        "24": {
            "precision": 0.0,
            "recall": 0.0,
            "f1-score": 0.0,
            "support": 4.0
        },
        "25": {
            "precision": 0.2857142857142857,
            "recall": 0.10526315789473684,
            "f1-score": 0.15384615384615385,
            "support": 38.0
        },
        "27": {
            "precision": 0.0,
            "recall": 0.0,
            "f1-score": 0.0,
            "support": 2.0
        },
        "28": {
            "precision": 0.1875,
            "recall": 0.12,
            "f1-score": 0.14634146341463414,
            "support": 25.0
        },
        "29": {
            "precision": 0.0,
            "recall": 0.0,
            "f1-score": 0.0,
            "support": 20.0
        },
        "31": {
            "precision": 0.0,
            "recall": 0.0,
            "f1-score": 0.0,
            "support": 1.0
        },
        "32": {
            "precision": 0.0,
            "recall": 0.0,
            "f1-score": 0.0,
            "support": 1.0
        },
        "accuracy": 0.33812341504649196,
        "macro avg": {
            "precision": 0.3088927308331402,
            "recall": 0.1544999203295236,
            "f1-score": 0.17189471180088234,
            "support": 1183.0
        },
        "weighted avg": {
            "precision": 0.39916518084591945,
            "recall": 0.33812341504649196,
            "f1-score": 0.2962060557410817,
            "support": 1183.0
        }
    },
    "vehicle_type": {
        "0": {
            "precision": 0.41846153846153844,
            "recall": 0.6683046683046683,
            "f1-score": 0.5146641438032167,
            "support": 407.0
        },
        "1": {
            "precision": 0.35148514851485146,
            "recall": 0.3817204301075269,
            "f1-score": 0.36597938144329895,
            "support": 372.0
        },
        "2": {
            "precision": 0.25,
            "recall": 0.06666666666666667,
            "f1-score": 0.10526315789473684,
            "support": 150.0
        },
        "3": {
            "precision": 0.0,
            "recall": 0.0,
            "f1-score": 0.0,
            "support": 67.0
        },
        "4": {
            "precision": 0.0,
            "recall": 0.0,
            "f1-score": 0.0,
            "support": 52.0
        },
        "5": {
            "precision": 0.35,
            "recall": 0.224,
            "f1-score": 0.2731707317073171,
            "support": 125.0
        },
        "6": {
            "precision": 0.0,
            "recall": 0.0,
            "f1-score": 0.0,
            "support": 3.0
        },
        "7": {
            "precision": 0.0,
            "recall": 0.0,
            "f1-score": 0.0,
            "support": 1.0
        },
        "8": {
            "precision": 1.0,
            "recall": 0.16666666666666666,
            "f1-score": 0.2857142857142857,
            "support": 6.0
        },
        "accuracy": 0.38292476754015214,
        "macro avg": {
            "precision": 0.26332740966404333,
            "recall": 0.1674842701939476,
            "f1-score": 0.1716435222847617,
            "support": 1183.0
        },
        "weighted avg": {
            "precision": 0.3282471017763068,
            "recall": 0.38292476754015214,
            "f1-score": 0.33580958350526396,
            "support": 1183.0
        }
    },
    "violation_type": {
        "0": {
            "precision": 0.4,
            "recall": 0.05128205128205128,
            "f1-score": 0.09090909090909091,
            "support": 78.0
        },
        "1": {
            "precision": 0.0,
            "recall": 0.0,
            "f1-score": 0.0,
            "support": 22.0
        },
        "2": {
            "precision": 0.0,
            "recall": 0.0,
            "f1-score": 0.0,
            "support": 13.0
        },
        "3": {
            "precision": 0.3,
            "recall": 0.0967741935483871,
            "f1-score": 0.14634146341463414,
            "support": 62.0
        },
        "4": {
            "precision": 0.3333333333333333,