{
    "violation_type": {
        "month": 0.18404457147725536,
        "day": 0.26923075570767113,
        "day_of_week": 0.12596341298590408,
        "hour": 0.40148248881947474,
        "is_weekend": 0.01927877100969475
    }
}